raw_name,canonical_id
Meridian Facilities Ltd,MERIDIAN_FACILITIES
Meridian Facilities,MERIDIAN_FACILITIES
Meridian Fac. Ltd,MERIDIAN_FACILITIES
TechSource IT Solutions,TECHSOURCE_IT
TechSource IT,TECHSOURCE_IT
Tech Source Ltd,TECHSOURCE_IT
Global Office Supplies,GLOBAL_OFFICE
Global Office Ltd,GLOBAL_OFFICE
Global Office,GLOBAL_OFFICE
Horizon Consulting Group,HORIZON_CONSULT
Horizon Consulting,HORIZON_CONSULT
Horizon Group Ltd,HORIZON_CONSULT
Swift Travel Services,SWIFT_TRAVEL
Swift Travel Ltd,SWIFT_TRAVEL
SwiftTravel,SWIFT_TRAVEL
Powerline Utilities,POWERLINE_UTILS
Powerline Util. Ltd,POWERLINE_UTILS
Powerline,POWERLINE_UTILS
Brandworks Marketing,BRANDWORKS_MKT
BrandWorks Ltd,BRANDWORKS_MKT
Brandworks Agency,BRANDWORKS_MKT
Learn Forward Training,LEARN_FORWARD
LearnForward Ltd,LEARN_FORWARD
Learn Forward,LEARN_FORWARD
Apex Equipment Co,APEX_EQUIPMENT
Apex Equipment Ltd,APEX_EQUIPMENT
Apex Co.,APEX_EQUIPMENT
CleanZone Facilities,CLEANZONE_FAC
GreenPath Utilities,GREENPATH_UTL
DataBridge IT Solutions,DATABRIDGE_IT
Summit Training Academy,SUMMIT_TRAIN
NovaCorp Services Ltd,NOVACORP_SVCS
