observation_id,trace_id,name,timestamp,latency_ms,invoice_id,vendor_raw,description,amount,predicted_gl,weighted_confidence,evidence_count,routing_decision,retrieval_latency_ms,correct,false_positive,corpus_after,source
754b836ed43aedd8,2fc58e43fbe4602dd9241db398c9c665,invoice_prediction,2026-10-01T16:13:32.203Z,0.001,,,,,,,,,,,,,
7f1b179763a82231,555a8c2325336641eabc2d9838d69050,invoice_prediction,2026-10-01T16:13:26.846Z,0.001,,,,,,,,,,,,,
67620bd62700894e,b670f06f5266484b5d16e569185638f3,invoice_prediction,2026-10-01T16:13:21.246Z,0,,,,,,,,,,,,,
5cae51c8339832da,74df84e115d107193bac30d03283cac9,invoice_prediction,2026-10-01T16:13:15.808Z,0,,,,,,,,,,,,,
b9c1dc38f457db78,b6c22daecb6c1c41f4a07989adcd7136,invoice_prediction,2026-10-01T16:13:10.165Z,0,,,,,,,,,,,,,
be86ef675e17fc9a,920496daaf62d5829db82b0fd4acf251,invoice_prediction,2026-10-01T16:13:04.722Z,0.001,,,,,,,,,,,,,
8958b2d73f4c5083,2b6dc2cae5a86e55a828dd96e62151be,invoice_prediction,2026-10-01T16:12:59.272Z,0.001,,,,,,,,,,,,,
c57e537c88da2ecc,bf3c6b87563f6df469bab692ad262ad8,invoice_prediction,2026-10-01T16:12:54.116Z,0,,,,,,,,,,,,,
d39df7b80ec98f39,6713e0fa590829c113981982354d6f04,invoice_prediction,2026-10-01T16:12:48.284Z,0.001,,,,,,,,,,,,,
02800dff120bcea0,7c82fc18f50c719e89fcfe9fb8cc96d3,invoice_prediction,2026-10-01T16:12:42.829Z,0,,,,,,,,,,,,,
ebcd735bc8644aaa,c397dca5ecf5a488eda1f6149c60251c,invoice_prediction,2026-10-01T16:12:37.268Z,0.001,,,,,,,,,,,,,
14c3cb5e24ccb726,b3b7be7e8d3c5c71e6c23d48820292c0,invoice_prediction,2026-10-01T16:12:32.104Z,0.001,,,,,,,,,,,,,
461be91c8a1be6c5,2a3b2a1b0573cc82e391202725eb1e42,invoice_prediction,2026-10-01T16:12:26.478Z,0.001,,,,,,,,,,,,,
0bc42c132cde4d02,bb9f700d09cecada03869a047189c821,invoice_prediction,2026-10-01T16:12:20.961Z,0,,,,,,,,,,,,,
a18d17fc552cd75a,f87e0837ada0c7fab9238cd9d2d4cc56,invoice_prediction,2026-10-01T16:12:15.653Z,0.001,,,,,,,,,,,,,
7ce4185d29b26831,9a381667f97b444ebb74082793f0ef9a,invoice_prediction,2026-10-01T16:12:10.520Z,0,,,,,,,,,,,,,
91808ad97f8f2cf0,bceddefb0ffc2aba4f91fc3d0411344a,invoice_prediction,2026-10-01T16:12:04.598Z,0,,,,,,,,,,,,,
724ac08d0443c746,37d091101c14aefb0153ce152932f2c3,invoice_prediction,2026-10-01T16:11:59.247Z,0.001,,,,,,,,,,,,,
d19d30a354edb46f,e61c83660727fe6e175bc977900e6003,invoice_prediction,2026-10-01T16:11:54.609Z,0,,,,,,,,,,,,,
fe9a700085d1abe7,2aa655fbbd5ac57966db0b7129ff78e2,invoice_prediction,2026-10-01T16:11:49.470Z,0.001,,,,,,,,,,,,,
83dc710fb9ced764,663d5799805ea8ff0e958fb36e43c67f,invoice_prediction,2026-10-01T16:11:43.920Z,0.001,,,,,,,,,,,,,
3c7d76a331867df4,2f25cd810b0984797b4bc8d33342b1f6,invoice_prediction,2026-10-01T16:11:38.337Z,0.001,,,,,,,,,,,,,
5866027c8a004d09,de67dbd9ad41d554862dc1cdd612a957,invoice_prediction,2026-10-01T16:11:33.053Z,0,,,,,,,,,,,,,
d77acdca467a0865,33460bbfc14970d0c53bc2cf9a888a22,invoice_prediction,2026-10-01T16:11:27.487Z,0.001,,,,,,,,,,,,,
976d0b2bb1b89d48,fc612fcf64ffaf1e08a1e7567ec91a54,invoice_prediction,2026-10-01T16:11:21.822Z,0,,,,,,,,,,,,,
9e86ec6c2edc79e6,f17e727d3a8d495a5d745b9f5a95081d,invoice_prediction,2026-10-01T16:11:16.368Z,0,,,,,,,,,,,,,
6a51877bbbdbd8c9,465e95d21078a17faf20908a82ff9715,invoice_prediction,2026-10-01T16:11:10.955Z,0.001,,,,,,,,,,,,,
6677460cf194cd1f,44971c7c6decae22186fa4a2aabef695,invoice_prediction,2026-10-01T16:11:05.453Z,0,,,,,,,,,,,,,
18360fd39d181145,947051672df4428abceb521d6a806e30,invoice_prediction,2026-10-01T16:10:59.937Z,0.001,,,,,,,,,,,,,
7fdc1832bbb7d0af,1a485e189d58381af6a5358e433aca83,invoice_prediction,2026-10-01T16:10:54.412Z,0,,,,,,,,,,,,,
c1f0013f9befcbc7,a8e5776a0edcce41ed96f1371def2ca2,invoice_prediction,2026-10-01T16:10:48.984Z,0.001,,,,,,,,,,,,,
54f850d557839349,df0590eee21c67888e90fc576588f392,invoice_prediction,2026-10-01T16:10:43.589Z,0.001,,,,,,,,,,,,,
10d5435648e02cd9,b8b72618265dd7b60949a323d0006ebd,invoice_prediction,2026-10-01T16:10:38.011Z,0,,,,,,,,,,,,,
2ec8deefaeda4fb5,76cbef89d2f3d5a27aacec01f665b5a4,invoice_prediction,2026-10-01T16:10:32.514Z,0.001,,,,,,,,,,,,,
6756dbf2a46b606d,196bcbaf63fcfce9baa70c73309ea139,invoice_prediction,2026-10-01T16:10:27.000Z,0.001,,,,,,,,,,,,,
22a817d991ec89e4,b366b22188897aad52b2f4bec29097b1,invoice_prediction,2026-10-01T16:10:21.978Z,0.001,,,,,,,,,,,,,
7f32d38cdf10954d,b8e1be4976f8b872c028dabe4521edd5,invoice_prediction,2026-10-01T16:10:16.149Z,0,,,,,,,,,,,,,
e9c543ac810d5748,39ed02e2ab37d5158d42012d8aa97683,invoice_prediction,2026-10-01T16:10:10.669Z,0,,,,,,,,,,,,,
7289ddad776db71b,7a7e6a2675494c779434c96e1c9bdd5a,invoice_prediction,2026-10-01T16:10:04.990Z,0,,,,,,,,,,,,,
630e65f06f0f5435,a5a1f587cb9990c9238efda8d0272006,invoice_prediction,2026-10-01T16:09:59.606Z,0,,,,,,,,,,,,,
339809da7feed2fe,cb5cefd4a3b3c7865ce82864b28278ca,invoice_prediction,2026-10-01T16:09:53.076Z,0.001,,,,,,,,,,,,,
3aeaef202f3abe15,49095e3c7c66ef37a251ae55b9770e65,invoice_prediction,2026-10-01T16:09:48.458Z,0,,,,,,,,,,,,,
7c4a242b4d0be182,1b2b9d68e0851f0319aff918aa72058b,invoice_prediction,2026-10-01T16:09:41.013Z,0.001,,,,,,,,,,,,,
8f6aebcbeff61d47,f471e5fc3570e39a771147d18c1477a1,invoice_prediction,2026-10-01T16:09:35.569Z,0.001,,,,,,,,,,,,,
cab4af409ebda020,45ba3483f7aad21f5d97008c00c1eb8b,invoice_prediction,2026-10-01T16:09:30.220Z,0.001,,,,,,,,,,,,,
6583346f5bd86072,c80f3a57922e829aa12616a3ab758ce5,invoice_prediction,2026-10-01T16:09:25.647Z,0.001,,,,,,,,,,,,,
3a5637ff23750a76,6606f01ccc2c452c2b765aa6ab777386,invoice_prediction,2026-10-01T16:09:20.240Z,0.001,,,,,,,,,,,,,
83d9d863134027e2,4b37ddaba6a1ac0a1aeb6afaa4463225,invoice_prediction,2026-10-01T16:09:14.731Z,0.001,,,,,,,,,,,,,
193bfff369b26b72,c8b284a669aa93a62faafeee91696480,invoice_prediction,2026-10-01T16:09:09.278Z,0.001,,,,,,,,,,,,,
c348290e5cda45c7,46e33efdee97141c0bf802560680cde5,invoice_prediction,2026-10-01T16:09:03.804Z,0.001,,,,,,,,,,,,,
c27827447e20e29d,eee2f92f3c6ad444437ee299c1cef1df,invoice_confirmation,2026-10-01T16:13:32.397Z,0,,,,,,,,,,,,,
927d952c66b10652,bd40eda4f5293a785ea6a0ed77522cc9,invoice_confirmation,2026-10-01T16:13:27.029Z,0,,,,,,,,,,,,,
6e5fd12eaaa5a456,83195834b659180cdfdaceae69f29af9,invoice_confirmation,2026-10-01T16:13:21.427Z,0,,,,,,,,,,,,,
696c98950cc47942,0adc4beb9330de29a2e5ecd11099d459,invoice_confirmation,2026-10-01T16:13:15.992Z,0,,,,,,,,,,,,,
055779cf1558fe3b,05de05f8370f216264cc58bb968f974d,invoice_confirmation,2026-10-01T16:13:10.363Z,0,,,,,,,,,,,,,
2eb8e4e99298b8da,df974553b39c1cc4da265d2d17c46ff6,invoice_confirmation,2026-10-01T16:13:04.902Z,0,,,,,,,,,,,,,
a00adf499e271d60,6880d4bee4e31ee7db12f9651df9d7d1,invoice_confirmation,2026-10-01T16:12:59.456Z,0,,,,,,,,,,,,,
84a4641d14545143,65929457adae3e83406172ca6ff30df1,invoice_confirmation,2026-10-01T16:12:54.300Z,0,,,,,,,,,,,,,
4000eea2b18aacf3,c4d8dc7a50530475f9d63ac625d5f611,invoice_confirmation,2026-10-01T16:12:48.462Z,0.001,,,,,,,,,,,,,
488c6408cefc99ad,7578390becbfeb517e34face8f3c63b5,invoice_confirmation,2026-10-01T16:12:43.006Z,0.001,,,,,,,,,,,,,
8dbb94a38f325688,38148a2a279b2061069c1d5e3cb32324,invoice_confirmation,2026-10-01T16:12:37.450Z,0,,,,,,,,,,,,,
8ff7a56469dd7fe0,5b96710c294a0696b751b0fa985ceefa,invoice_confirmation,2026-10-01T16:12:32.299Z,0,,,,,,,,,,,,,
931ce0d2af0e7fd9,cb129feaa13ed0bc44979f386cd70d19,invoice_confirmation,2026-10-01T16:12:26.659Z,0,,,,,,,,,,,,,
72a835245d887689,3de09bdc8918a3f2f0fc2fe226569c7a,invoice_confirmation,2026-10-01T16:12:21.143Z,0.001,,,,,,,,,,,,,
dc97468742d7b80d,3d0e18396869118876dd48355f32cfb6,invoice_confirmation,2026-10-01T16:12:15.832Z,0,,,,,,,,,,,,,
fb0f39fbb8da680a,7d95f526106ac3a2b873295ac95f9638,invoice_confirmation,2026-10-01T16:12:10.701Z,0.001,,,,,,,,,,,,,
0a74189e964e1a19,bc252f55ee0dd5b6ab054183398926f5,invoice_confirmation,2026-10-01T16:12:04.777Z,0,,,,,,,,,,,,,
9e223d93c71d8e6e,5e18deb7d3031ed0c318ac537088b28d,invoice_confirmation,2026-10-01T16:11:59.424Z,0,,,,,,,,,,,,,
d2e2fdac98a489cf,477b83ceb8d9f5689726778a751573aa,invoice_confirmation,2026-10-01T16:11:54.787Z,0.001,,,,,,,,,,,,,
9be2fa147f153300,a0fd49ccc7d116472e71cdbd177f8afa,invoice_confirmation,2026-10-01T16:11:49.647Z,0.001,,,,,,,,,,,,,
fe5d65a55c897335,a52f6ccb571f91dc8772a481b75dd92b,invoice_confirmation,2026-10-01T16:11:44.097Z,0.001,,,,,,,,,,,,,
d6414ad358d1cfdd,c73e32496906780cdcce19dfa321ba61,invoice_confirmation,2026-10-01T16:11:38.519Z,0.001,,,,,,,,,,,,,
f2fc78b71f24dd70,ef3511b7f5876a5e9639e973fd309297,invoice_confirmation,2026-10-01T16:11:33.242Z,0.001,,,,,,,,,,,,,
fd1d56162600e251,b8912aa3dccfc54017fcb91ae9eb0982,invoice_confirmation,2026-10-01T16:11:27.666Z,0,,,,,,,,,,,,,
c4a9af9def67cdb3,4c3669bf91265ba17a17b112a4ec49fb,invoice_confirmation,2026-10-01T16:11:22.002Z,0.001,,,,,,,,,,,,,
8883d86a153bb1e5,98042d67324913414af94b260d1b3119,invoice_confirmation,2026-10-01T16:11:16.572Z,0,,,,,,,,,,,,,
289cfa9b99443276,7863c30936d2f7cf3b0775854e7d3004,invoice_confirmation,2026-10-01T16:11:11.138Z,0.001,,,,,,,,,,,,,
895d35e82908a520,bac5bca36fc840c7fa8dcb83b67dc2ee,invoice_confirmation,2026-10-01T16:11:05.628Z,0,,,,,,,,,,,,,
ea1a2a1e57ff08d0,b0c267a4f5ac322aaffd524ff1349861,invoice_confirmation,2026-10-01T16:11:00.114Z,0,,,,,,,,,,,,,
ce68e8795d491bc8,8030a7f7aac54f5d0ac0a1ffc6913249,invoice_confirmation,2026-10-01T16:10:54.590Z,0.001,,,,,,,,,,,,,
c54e040e2b7ca87c,ec335d550b166a7af3da79966294f497,invoice_confirmation,2026-10-01T16:10:49.164Z,0.001,,,,,,,,,,,,,
9a1b68b118052e96,7bdf30bc47b26a5415ecf8a398dc6b85,invoice_confirmation,2026-10-01T16:10:43.783Z,0.001,,,,,,,,,,,,,
8899e9b83885a95c,24dda4f7eb75975114dddffcd046169d,invoice_confirmation,2026-10-01T16:10:38.193Z,0,,,,,,,,,,,,,
843be1e14d2d19fa,f30f01ee15534842bb3d97be05ed7c12,invoice_confirmation,2026-10-01T16:10:33.535Z,0.001,,,,,,,,,,,,,
478cdb2fa8f462d1,b83318e25ae059667077d9c57c3860a7,invoice_confirmation,2026-10-01T16:10:27.178Z,0.001,,,,,,,,,,,,,
aa7c51383e732746,efe6b79aa2bfad844c1edc2b0abe0a72,invoice_confirmation,2026-10-01T16:10:22.156Z,0.001,,,,,,,,,,,,,
b79f1e8851f97d3e,0ede0dd2e6b1410b4741a200163fd67d,invoice_confirmation,2026-10-01T16:10:16.334Z,0.001,,,,,,,,,,,,,
835e1b964f5bbab7,4d47206f1f6437a214f0fbdd702f0a81,invoice_confirmation,2026-10-01T16:10:10.850Z,0,,,,,,,,,,,,,
5262c445802e76bf,026483735930a4b2557619cb230704f7,invoice_confirmation,2026-10-01T16:10:05.173Z,0.001,,,,,,,,,,,,,
ee691a90ca8866cd,bafcd853041a649d97c678d588ab7073,invoice_confirmation,2026-10-01T16:09:59.787Z,0,,,,,,,,,,,,,
ddb9e135ac644b9c,d97308db17a10c56f7a7277dc63dff3e,invoice_confirmation,2026-10-01T16:09:53.251Z,0.001,,,,,,,,,,,,,
141e0df7e76178ae,034b8375a1735d60734bd0a4e0be80c6,invoice_confirmation,2026-10-01T16:09:48.643Z,0,,,,,,,,,,,,,
6ca5cca747ad9a93,209890d16d97f1a415b139f9717fd7d3,invoice_confirmation,2026-10-01T16:09:41.369Z,0.001,,,,,,,,,,,,,
a5e87a76e12a3081,e4cd6222ba07f38e9cb3ac8a968109ef,invoice_confirmation,2026-10-01T16:09:35.749Z,0,,,,,,,,,,,,,
2a0ebd292a2c4be0,13a5665b578210c86e1d4265eb1075d0,invoice_confirmation,2026-10-01T16:09:30.400Z,0,,,,,,,,,,,,,
aa80834993753a9f,c0c8009a06036b03706cfa67e17e539d,invoice_confirmation,2026-10-01T16:09:25.873Z,0,,,,,,,,,,,,,
ea153d241b2051a0,daeeaa9c48a14af8a2d3fb352c30d8ec,invoice_confirmation,2026-10-01T16:09:20.422Z,0.001,,,,,,,,,,,,,
edf20b5d90bc1441,d2b1779da9d3f3d344877067b49309d8,invoice_confirmation,2026-10-01T16:09:14.913Z,0.001,,,,,,,,,,,,,
ed33fc6bd2c00362,2c1f314103670152617ee6e9bf801e08,invoice_confirmation,2026-10-01T16:09:09.505Z,0,,,,,,,,,,,,,
ccf90c32091ffa94,8cc7c90eca576aa773f232bf6911c230,invoice_confirmation,2026-10-01T16:09:03.984Z,0,,,,,,,,,,,,,
4f0c417e05b066be,5d9eadba2605db178b2c579e10558c84,write_back,2026-10-01T16:13:36.558Z,0.001,,,,,,,,,,,,,
6b174f7b91933217,d0cbe547243aea6718ecf83dd42807a2,write_back,2026-10-01T16:13:30.695Z,0,,,,,,,,,,,,,
b865971d4aec1899,daf631a73d3b375b2b195a62a25b639f,write_back,2026-10-01T16:13:25.120Z,0.001,,,,,,,,,,,,,
81bba1cb70351ba1,cc10df7acf616813e9f2f388513ecc99,write_back,2026-10-01T16:13:19.547Z,0,,,,,,,,,,,,,
60094b69f3634ae8,04734a2c4a0ac8eed902fecd5e2beace,write_back,2026-10-01T16:13:14.143Z,0.001,,,,,,,,,,,,,
b299c29ccbc27f9f,9944a962a2df981c1ef186e9c166fa0d,write_back,2026-10-01T16:13:08.500Z,0.001,,,,,,,,,,,,,
662f4af6d1a84265,fa90cbfb2867a756fcd5bec5f0195df0,write_back,2026-10-01T16:13:02.998Z,0,,,,,,,,,,,,,
aaab17813b78ab34,abee7fd8389385e1a370b71b95675bca,write_back,2026-10-01T16:12:57.594Z,0,,,,,,,,,,,,,
1a6172baeccc44f3,c0ae8073ed34399abfecd08242873197,write_back,2026-10-01T16:12:52.174Z,0,,,,,,,,,,,,,
860b698c45710e3d,094e27909f1c6ce265e0e959d7ab4e87,write_back,2026-10-01T16:12:46.609Z,0,,,,,,,,,,,,,
9c54c61841285874,f1fe6f0031fa6ab600a085e8fb783f07,write_back,2026-10-01T16:12:41.238Z,0,,,,,,,,,,,,,
9bfd93d086489a2a,d5d3cb4e40145db0bc466b5f08f7aa88,write_back,2026-10-01T16:12:35.584Z,0,,,,,,,,,,,,,
5d235902f3c1a0a6,e74b2e27d7e5799d8564e755d994c076,write_back,2026-10-01T16:12:30.334Z,0.001,,,,,,,,,,,,,
f1ffbb635887f359,4c7484bb720e2f5d3509230432b25cde,write_back,2026-10-01T16:12:24.697Z,0,,,,,,,,,,,,,
69170b93f4414928,0086e54ada798e9e8d901310297a0d88,write_back,2026-10-01T16:12:19.319Z,0,,,,,,,,,,,,,
f87c9102f8a3bfea,bebf078cff1a08e4db575f69aab96fd8,write_back,2026-10-01T16:12:13.958Z,0.001,,,,,,,,,,,,,
dd09523658769477,e6b4b2a63b2da7a40483b3630f9d2132,write_back,2026-10-01T16:12:08.214Z,0,,,,,,,,,,,,,
a297ac4822509775,3689df3593543957035e01b316d6fb57,write_back,2026-10-01T16:12:02.846Z,0,,,,,,,,,,,,,
10690107cad7cf51,999a67671d8ffc86aa517886b0675a17,write_back,2026-10-01T16:11:57.574Z,0,,,,,,,,,,,,,
99def4eeb314b3a2,192b8a3c147719cb6f3b7070dde9d17b,write_back,2026-10-01T16:11:53.052Z,0,,,,,,,,,,,,,
58945d0c199f0af6,1467b77355e1481229eadb5aa78e5945,write_back,2026-10-01T16:11:47.606Z,0,,,,,,,,,,,,,
1184ce28b1e961b8,52442b69c690818baceeb5079a3b5b78,write_back,2026-10-01T16:11:42.205Z,0.001,,,,,,,,,,,,,
6ff96c23b9fc716e,118738926d50d2ec5f6e23b87736671c,write_back,2026-10-01T16:11:36.643Z,0,,,,,,,,,,,,,
6fb1323001942d81,d5b9ff64800def5b88458db01087acb8,write_back,2026-10-01T16:11:31.265Z,0.001,,,,,,,,,,,,,
0bcca75845fe77a4,8ffb12d2c8881b8ba4dcd346acd8b37f,write_back,2026-10-01T16:11:25.790Z,0.001,,,,,,,,,,,,,
2f7533014b818f74,5b11db80d44154acac84998520708e02,write_back,2026-10-01T16:11:20.077Z,0,,,,,,,,,,,,,
39a5776c761c9230,7c2dca75625bdd2e81629988609c9680,write_back,2026-10-01T16:11:14.719Z,0,,,,,,,,,,,,,
6a5a358d2447db4c,89cecf8cefa1ec252f8b3e0bb172e29f,write_back,2026-10-01T16:11:09.159Z,0,,,,,,,,,,,,,
7a94f2a7462733c4,a5bf14f9bd0124b1b2d81c20a5b2728c,write_back,2026-10-01T16:11:03.890Z,0,,,,,,,,,,,,,
7204d558186afad7,f791613040cf938b09cd58affccb9ff5,write_back,2026-10-01T16:10:58.157Z,0,,,,,,,,,,,,,
f46c1b645296b0de,b01723c44661a11a1b7dfd71ad873fd2,write_back,2026-10-01T16:10:52.639Z,0,,,,,,,,,,,,,
bd30367eb049d1a0,089ec113717b47e5050d31c36cdc2952,write_back,2026-10-01T16:10:47.316Z,0.001,,,,,,,,,,,,,
a9eb111958f8c89e,995620fcc516fcd70c24913f98e0dc28,write_back,2026-10-01T16:10:41.850Z,0.001,,,,,,,,,,,,,
072c2ce8b164f7d7,90f2a95a894239bc477e9ded777f48b0,write_back,2026-10-01T16:10:36.358Z,0,,,,,,,,,,,,,
d39ca2318cf69063,2cd13faca34cfe2490e2601fa644471a,write_back,2026-10-01T16:10:30.805Z,0,,,,,,,,,,,,,
8a997d6c462a6a5c,a79fc5b7af1129b068115b360ac31724,write_back,2026-10-01T16:10:25.336Z,0,,,,,,,,,,,,,
2c3d8bf823d7944a,ab91a6dddd7a8654f70658af4f726dde,write_back,2026-10-01T16:10:20.082Z,0.001,,,,,,,,,,,,,
fdfd07ee25e8c987,876b4f7478897f825b7a1ea80936cb3c,write_back,2026-10-01T16:10:14.421Z,0,,,,,,,,,,,,,
3770f00c1c906fd4,38a292501241efc9301192acdb1b6594,write_back,2026-10-01T16:10:09.001Z,0.001,,,,,,,,,,,,,
d49db3c9e18e34a6,5285da675a580ed8a1ec143bfe616bef,write_back,2026-10-01T16:10:03.357Z,0,,,,,,,,,,,,,
e43787a2f04bf1cf,1523d9d0d30b9c09a39595fc919ea1b7,write_back,2026-10-01T16:09:57.949Z,0.001,,,,,,,,,,,,,
afabaa4164f89f25,7bed64e1b9af9b338f51c181677d2a34,write_back,2026-10-01T16:09:51.323Z,0,,,,,,,,,,,,,
13ff54aadeceb64d,7235db24f59938a567f97c85d91d477b,write_back,2026-10-01T16:09:46.505Z,0,,,,,,,,,,,,,
219ef5d0799a2a3f,1241c503c12c63c61c7159283fee9526,write_back,2026-10-01T16:09:39.379Z,0,,,,,,,,,,,,,
92108ef42a9c0638,ad74ce88e5a61910d0e7f62569758e60,write_back,2026-10-01T16:09:33.924Z,0,,,,,,,,,,,,,
45810272845c18a1,6c402813971503dc885456ea58a1f7f2,write_back,2026-10-01T16:09:28.295Z,0,,,,,,,,,,,,,
d7738ecc883a08cd,76006a782e66ff71c5c4c7b81eee02e4,write_back,2026-10-01T16:09:24.122Z,0,,,,,,,,,,,,,
e3369e413d4dcc04,4234e056695af3f01a79c80a4a166355,write_back,2026-10-01T16:09:18.595Z,0,,,,,,,,,,,,,
5b7ae8b494a5b318,e0784ae01bae8a9563b3dcbd98627249,write_back,2026-10-01T16:09:13.043Z,0,,,,,,,,,,,,,
bf5c752416427dd0,21cdeb427ab11bfab93750bd2f512021,write_back,2026-10-01T16:09:07.623Z,0,,,,,,,,,,,,,
